filename,class,source,source_index,generator,width,height
backbone_0.jpg,real,hf:ComplexDataLab/OpenFake,0,laion,640,426
backbone_1.jpg,fake,hf:ComplexDataLab/OpenFake,1,flux-1.1-pro,896,1152
backbone_2.jpg,fake,hf:ComplexDataLab/OpenFake,2,stable-diffusion-v1-4,512,512
backbone_3.jpg,real,hf:ComplexDataLab/OpenFake,3,pexels,5974,3983
backbone_6.jpg,fake,hf:ComplexDataLab/OpenFake,6,sd-3.5,768,1024
backbone_7.jpg,fake,hf:ComplexDataLab/OpenFake,7,sdxl-juggernaut,768,1024
backbone_11.jpg,real,hf:ComplexDataLab/OpenFake,11,pexels,5040,3360
backbone_12.jpg,real,hf:ComplexDataLab/OpenFake,12,pexels,7360,4912
backbone_13.jpg,real,hf:ComplexDataLab/OpenFake,13,pexels,4000,3000
backbone_14.jpg,fake,hf:ComplexDataLab/OpenFake,14,flux.1-dev,1024,1024
backbone_15.jpg,real,hf:ComplexDataLab/OpenFake,15,laion,1500,1061
backbone_16.jpg,fake,hf:ComplexDataLab/OpenFake,16,qwen-image,1024,1024
backbone_17.jpg,fake,hf:ComplexDataLab/OpenFake,17,sd-3.5,512,1024
backbone_18.jpg,fake,hf:ComplexDataLab/OpenFake,18,sdxl,1168,880
backbone_19.jpg,fake,hf:ComplexDataLab/OpenFake,19,sd-1.5-dreamshaper,768,1152
backbone_20.jpg,fake,hf:ComplexDataLab/OpenFake,20,sd-3.5,1024,1024
backbone_21.jpg,fake,hf:ComplexDataLab/OpenFake,21,flux.2-dev,1024,1024
backbone_22.jpg,fake,hf:ComplexDataLab/OpenFake,22,anima-preview,832,1216
backbone_23.jpg,fake,hf:ComplexDataLab/OpenFake,23,flux-amateursnapshotphotos,1024,512
backbone_24.jpg,real,hf:ComplexDataLab/OpenFake,24,pexels,3915,5872
backbone_25.jpg,real,hf:ComplexDataLab/OpenFake,25,laion,495,515
backbone_27.jpg,fake,hf:ComplexDataLab/OpenFake,27,sd-3.5,1024,1024
backbone_29.jpg,real,hf:ComplexDataLab/OpenFake,29,pexels,4000,6000
backbone_30.jpg,real,hf:ComplexDataLab/OpenFake,30,pexels,3596,5395
backbone_31.jpg,fake,hf:ComplexDataLab/OpenFake,31,ideogram-3.0,1408,704
backbone_32.jpg,fake,hf:ComplexDataLab/OpenFake,32,flux-mvc5000,1024,1024
backbone_33.jpg,real,hf:ComplexDataLab/OpenFake,33,pexels,4000,6000
backbone_34.jpg,fake,hf:ComplexDataLab/OpenFake,34,sdxl,1024,1024
backbone_35.jpg,fake,hf:ComplexDataLab/OpenFake,35,flux.1-schnell,1024,768
backbone_36.jpg,real,hf:ComplexDataLab/OpenFake,36,laion,850,1155
backbone_37.jpg,fake,hf:ComplexDataLab/OpenFake,37,sd-2.1,880,1168
backbone_38.jpg,fake,hf:ComplexDataLab/OpenFake,38,grok-2-image-1212,1024,768
backbone_39.jpg,fake,hf:ComplexDataLab/OpenFake,39,hidream-i1-full,1168,880
backbone_40.jpg,fake,hf:ComplexDataLab/OpenFake,40,sd-3.5,1024,1024
backbone_41.jpg,fake,hf:ComplexDataLab/OpenFake,41,imagen-4.0,768,1408
backbone_42.jpg,fake,hf:ComplexDataLab/OpenFake,42,sd-3.5,768,1024
backbone_43.jpg,fake,hf:ComplexDataLab/OpenFake,43,mystic,1024,512
backbone_45.jpg,real,hf:ComplexDataLab/OpenFake,45,laion,600,600
backbone_46.jpg,real,hf:ComplexDataLab/OpenFake,46,laion,660,495
backbone_47.jpg,real,hf:ComplexDataLab/OpenFake,47,pexels,4000,6000
backbone_48.jpg,real,hf:ComplexDataLab/OpenFake,48,laion,1024,1024
backbone_49.jpg,fake,hf:ComplexDataLab/OpenFake,49,flux.1-dev,1024,768
backbone_50.jpg,fake,hf:ComplexDataLab/OpenFake,50,gpt-image-1,1024,1536
backbone_51.jpg,real,hf:ComplexDataLab/OpenFake,51,laion,450,600
backbone_52.jpg,fake,hf:ComplexDataLab/OpenFake,52,chroma,2496,3328
backbone_53.jpg,real,hf:ComplexDataLab/OpenFake,53,laion,959,705
backbone_54.jpg,fake,hf:ComplexDataLab/OpenFake,54,sd-2.1,1024,1024
backbone_55.jpg,fake,hf:ComplexDataLab/OpenFake,55,animagine-xl-4.0,1024,1024
backbone_58.jpg,real,hf:ComplexDataLab/OpenFake,58,pexels,7144,4768
backbone_59.jpg,fake,hf:ComplexDataLab/OpenFake,59,seedream-v4.0,2272,1280
backbone_60.jpg,fake,hf:ComplexDataLab/OpenFake,60,flux-1.1-pro,1152,896
backbone_61.jpg,fake,hf:ComplexDataLab/OpenFake,61,sd-3.5,1024,768
backbone_62.jpg,real,hf:ComplexDataLab/OpenFake,62,laion,670,1000
backbone_64.jpg,real,hf:ComplexDataLab/OpenFake,64,pexels,6016,4000
backbone_65.jpg,fake,hf:ComplexDataLab/OpenFake,65,sd-1.5-dreamshaper,1152,768
backbone_66.jpg,fake,hf:ComplexDataLab/OpenFake,66,flux.1-dev,768,1024
backbone_67.jpg,real,hf:ComplexDataLab/OpenFake,67,pexels,8192,5464
backbone_68.jpg,real,hf:ComplexDataLab/OpenFake,68,pexels,4160,6240
backbone_69.jpg,real,hf:ComplexDataLab/OpenFake,69,laion,467,700
backbone_70.jpg,real,hf:ComplexDataLab/OpenFake,70,pexels,2707,4060
backbone_71.jpg,real,hf:ComplexDataLab/OpenFake,71,laion,2300,1690
backbone_72.jpg,real,hf:ComplexDataLab/OpenFake,72,pexels,3408,2272
backbone_73.jpg,real,hf:ComplexDataLab/OpenFake,73,pexels,6240,4160
backbone_74.jpg,fake,hf:ComplexDataLab/OpenFake,74,sd-3.5,1024,1024
backbone_75.jpg,fake,hf:ComplexDataLab/OpenFake,75,seedream-v4.5,1792,2400
backbone_76.jpg,fake,hf:ComplexDataLab/OpenFake,76,sd-3.5,1024,768
backbone_77.jpg,fake,hf:ComplexDataLab/OpenFake,77,sd-1.5-dreamshaper,768,1152
backbone_78.jpg,fake,hf:ComplexDataLab/OpenFake,78,flux.1-schnell,768,1152
backbone_79.jpg,fake,hf:ComplexDataLab/OpenFake,79,gpt-image-1,1024,1024
backbone_80.jpg,real,hf:ComplexDataLab/OpenFake,80,laion,2048,1559
backbone_81.jpg,real,hf:ComplexDataLab/OpenFake,81,pexels,6881,4587
backbone_82.jpg,fake,hf:ComplexDataLab/OpenFake,82,midjourney-6,1024,1024
backbone_83.jpg,fake,hf:ComplexDataLab/OpenFake,83,hidream-i1-full,768,1360
backbone_84.jpg,fake,hf:ComplexDataLab/OpenFake,84,sd-2.1,832,1248
backbone_85.jpg,real,hf:ComplexDataLab/OpenFake,85,pexels,5943,3962
backbone_86.jpg,fake,hf:ComplexDataLab/OpenFake,86,hidream-i1-full,1248,832
backbone_87.jpg,fake,hf:ComplexDataLab/OpenFake,87,stable-diffusion-v1-5,512,512
backbone_88.jpg,fake,hf:ComplexDataLab/OpenFake,88,sd-1.5-epicdream,1024,1024
backbone_89.jpg,real,hf:ComplexDataLab/OpenFake,89,pexels,5616,3744
backbone_90.jpg,fake,hf:ComplexDataLab/OpenFake,90,sd-2.1,1248,832
backbone_91.jpg,real,hf:ComplexDataLab/OpenFake,91,laion,600,900
backbone_92.jpg,fake,hf:ComplexDataLab/OpenFake,92,flux.1-dev,832,1216
backbone_93.jpg,fake,hf:ComplexDataLab/OpenFake,93,midjourney-6,1024,1024
backbone_94.jpg,real,hf:ComplexDataLab/OpenFake,94,pexels,7360,4912
backbone_95.jpg,real,hf:ComplexDataLab/OpenFake,95,laion,980,552
backbone_96.jpg,real,hf:ComplexDataLab/OpenFake,96,laion,1009,1205
backbone_97.jpg,real,hf:ComplexDataLab/OpenFake,97,pexels,6000,4000
backbone_98.jpg,real,hf:ComplexDataLab/OpenFake,98,laion,700,553
backbone_99.jpg,real,hf:ComplexDataLab/OpenFake,99,pexels,4000,6000
backbone_100.jpg,fake,hf:ComplexDataLab/OpenFake,100,flux.1-dev,768,1024
backbone_101.jpg,fake,hf:ComplexDataLab/OpenFake,101,hidream-i1-full,832,1248
backbone_102.jpg,real,hf:ComplexDataLab/OpenFake,102,pexels,3264,4912
backbone_103.jpg,real,hf:ComplexDataLab/OpenFake,103,pexels,4160,6240
backbone_104.jpg,real,hf:ComplexDataLab/OpenFake,104,laion,600,488
backbone_105.jpg,real,hf:ComplexDataLab/OpenFake,105,pexels,6016,4000
backbone_107.jpg,fake,hf:ComplexDataLab/OpenFake,107,gpt-image-1,1024,1536
backbone_108.jpg,real,hf:ComplexDataLab/OpenFake,108,pexels,4898,3265
backbone_109.jpg,fake,hf:ComplexDataLab/OpenFake,109,dalle-3,1024,1024
backbone_110.jpg,real,hf:ComplexDataLab/OpenFake,110,laion,400,600
backbone_111.jpg,real,hf:ComplexDataLab/OpenFake,111,laion,800,534
backbone_112.jpg,fake,hf:ComplexDataLab/OpenFake,112,ideogram-3.0,1312,736
backbone_113.jpg,fake,hf:ComplexDataLab/OpenFake,113,flux.1-dev,1024,768
backbone_115.jpg,real,hf:ComplexDataLab/OpenFake,115,laion,652,489
backbone_116.jpg,fake,hf:ComplexDataLab/OpenFake,116,sdxl-epic-realism,768,1152
backbone_117.jpg,fake,hf:ComplexDataLab/OpenFake,117,sdxl,832,1248
backbone_118.jpg,real,hf:ComplexDataLab/OpenFake,118,pexels,6000,4000
backbone_119.jpg,real,hf:ComplexDataLab/OpenFake,119,pexels,3926,2617
backbone_120.jpg,fake,hf:ComplexDataLab/OpenFake,120,dalle-3,1024,1024
backbone_121.jpg,fake,hf:ComplexDataLab/OpenFake,121,sdxl-turbo,512,512
backbone_122.jpg,real,hf:ComplexDataLab/OpenFake,122,pexels,4000,2667
backbone_123.jpg,real,hf:ComplexDataLab/OpenFake,123,laion,992,415
backbone_124.jpg,fake,hf:ComplexDataLab/OpenFake,124,flux.1-dev,768,1152
backbone_126.jpg,fake,hf:ComplexDataLab/OpenFake,126,ideogram-3.0,736,1312
backbone_127.jpg,real,hf:ComplexDataLab/OpenFake,127,pexels,3921,5882
backbone_128.jpg,fake,hf:ComplexDataLab/OpenFake,128,sd-3.5,768,1024
backbone_129.jpg,real,hf:ComplexDataLab/OpenFake,129,pexels,4000,6000
backbone_130.jpg,real,hf:ComplexDataLab/OpenFake,130,laion,620,817
backbone_131.jpg,real,hf:ComplexDataLab/OpenFake,131,laion,627,470
backbone_132.jpg,real,hf:ComplexDataLab/OpenFake,132,pexels,5568,3712
backbone_133.jpg,fake,hf:ComplexDataLab/OpenFake,133,sd-2.1,1248,832
backbone_134.jpg,real,hf:ComplexDataLab/OpenFake,134,pexels,6720,4480
backbone_135.jpg,real,hf:ComplexDataLab/OpenFake,135,laion,500,500
backbone_138.jpg,fake,hf:ComplexDataLab/OpenFake,138,imagen-4.0,768,1408
backbone_139.jpg,fake,hf:ComplexDataLab/OpenFake,139,sd-xl-v1.0-vae-fix,720,1280
backbone_140.jpg,fake,hf:ComplexDataLab/OpenFake,140,sdxl-touchofrealism,768,1152
backbone_141.jpg,real,hf:ComplexDataLab/OpenFake,141,pexels,6720,4480
backbone_142.jpg,fake,hf:ComplexDataLab/OpenFake,142,sd-2.1,384,512
backbone_143.jpg,real,hf:ComplexDataLab/OpenFake,143,laion,948,819
backbone_145.jpg,fake,hf:ComplexDataLab/OpenFake,145,midjourney-6,1024,1024
backbone_146.jpg,real,hf:ComplexDataLab/OpenFake,146,pexels,5708,4112
backbone_147.jpg,fake,hf:ComplexDataLab/OpenFake,147,flux-amateursnapshotphotos,768,1152
backbone_148.jpg,fake,hf:ComplexDataLab/OpenFake,148,dalle-3,1024,1024
backbone_149.jpg,real,hf:ComplexDataLab/OpenFake,149,pexels,4480,6720
backbone_150.jpg,fake,hf:ComplexDataLab/OpenFake,150,flux.1-schnell,1024,768
backbone_151.jpg,fake,hf:ComplexDataLab/OpenFake,151,flux.1-dev,512,1024
backbone_152.jpg,real,hf:ComplexDataLab/OpenFake,152,pexels,3375,6000
backbone_153.jpg,fake,hf:ComplexDataLab/OpenFake,153,sd-1.5-epicdream,832,1248
backbone_154.jpg,fake,hf:ComplexDataLab/OpenFake,154,flux-1.1-pro,1216,832
backbone_155.jpg,fake,hf:ComplexDataLab/OpenFake,155,sd-2.1,832,1248
backbone_156.jpg,fake,hf:ComplexDataLab/OpenFake,156,sd-3.5,1024,1024
backbone_157.jpg,real,hf:ComplexDataLab/OpenFake,157,pexels,7255,4842
backbone_158.jpg,real,hf:ComplexDataLab/OpenFake,158,laion,520,406
backbone_159.jpg,fake,hf:ComplexDataLab/OpenFake,159,flux.2-dev,832,1248
backbone_160.jpg,real,hf:ComplexDataLab/OpenFake,160,pexels,4000,6000
backbone_161.jpg,real,hf:ComplexDataLab/OpenFake,161,pexels,4217,5600
backbone_162.jpg,real,hf:ComplexDataLab/OpenFake,162,laion,768,432
backbone_163.jpg,fake,hf:ComplexDataLab/OpenFake,163,stable-diffusion-v1-4,512,512
backbone_164.jpg,real,hf:ComplexDataLab/OpenFake,164,pexels,4000,6000
backbone_165.jpg,real,hf:ComplexDataLab/OpenFake,165,laion,728,546
backbone_166.jpg,fake,hf:ComplexDataLab/OpenFake,166,ideogram-3.0,736,1312
backbone_167.jpg,fake,hf:ComplexDataLab/OpenFake,167,hidream-i1-full,768,1360
backbone_168.jpg,fake,hf:ComplexDataLab/OpenFake,168,sd-turbo,512,512
backbone_169.jpg,fake,hf:ComplexDataLab/OpenFake,169,imagen-4.0,896,1280
backbone_170.jpg,real,hf:ComplexDataLab/OpenFake,170,pexels,8192,5464
backbone_171.jpg,real,hf:ComplexDataLab/OpenFake,171,laion,570,490
backbone_172.jpg,fake,hf:ComplexDataLab/OpenFake,172,sd-3.5,512,1024
backbone_173.jpg,fake,hf:ComplexDataLab/OpenFake,173,sd-3.5,1024,1024
backbone_174.jpg,real,hf:ComplexDataLab/OpenFake,174,pexels,5255,7879
backbone_176.jpg,real,hf:ComplexDataLab/OpenFake,176,laion,980,490
backbone_177.jpg,fake,hf:ComplexDataLab/OpenFake,177,sd-1.5-dreamshaper,768,1152
backbone_178.jpg,fake,hf:ComplexDataLab/OpenFake,178,sd-2.1,1168,880
backbone_179.jpg,fake,hf:ComplexDataLab/OpenFake,179,sd-2.1,880,1168
backbone_180.jpg,real,hf:ComplexDataLab/OpenFake,180,pexels,4467,4119
backbone_181.jpg,real,hf:ComplexDataLab/OpenFake,181,pexels,4912,7360
backbone_182.jpg,fake,hf:ComplexDataLab/OpenFake,182,sd-3.5,1024,512
backbone_184.jpg,real,hf:ComplexDataLab/OpenFake,184,pexels,4462,2975
backbone_185.jpg,fake,hf:ComplexDataLab/OpenFake,185,flux.2-klein-base-4b,1024,1024
backbone_186.jpg,fake,hf:ComplexDataLab/OpenFake,186,flux.1-dev,768,1152
backbone_188.jpg,real,hf:ComplexDataLab/OpenFake,188,laion,400,600
backbone_189.jpg,fake,hf:ComplexDataLab/OpenFake,189,flux.1-dev,1024,1024
backbone_190.jpg,real,hf:ComplexDataLab/OpenFake,190,pexels,3648,5472
backbone_191.jpg,real,hf:ComplexDataLab/OpenFake,191,laion,1042,1222
backbone_192.jpg,real,hf:ComplexDataLab/OpenFake,192,pexels,4000,6000
backbone_193.jpg,fake,hf:ComplexDataLab/OpenFake,193,dalle-3,1024,1024
backbone_194.jpg,real,hf:ComplexDataLab/OpenFake,194,laion,700,933
backbone_195.jpg,real,hf:ComplexDataLab/OpenFake,195,pexels,3091,2048
backbone_196.jpg,fake,hf:ComplexDataLab/OpenFake,196,sdxl-epic-realism,1024,768
backbone_197.jpg,fake,hf:ComplexDataLab/OpenFake,197,flux.1-dev,768,1152
backbone_198.jpg,fake,hf:ComplexDataLab/OpenFake,198,flux.1-dev,768,1152
backbone_199.jpg,fake,hf:ComplexDataLab/OpenFake,199,sdxl-juggernaut,768,1152
backbone_200.jpg,real,hf:ComplexDataLab/OpenFake,200,pexels,4379,6568
backbone_201.jpg,fake,hf:ComplexDataLab/OpenFake,201,flux.2-klein-base-4b,1024,1024
backbone_202.jpg,real,hf:ComplexDataLab/OpenFake,202,laion,630,420
backbone_203.jpg,fake,hf:ComplexDataLab/OpenFake,203,dalle-3,1024,1024
backbone_204.jpg,fake,hf:ComplexDataLab/OpenFake,204,flux-1.1-pro,896,1152
backbone_205.jpg,fake,hf:ComplexDataLab/OpenFake,205,flux-amateursnapshotphotos,1024,1024
backbone_207.jpg,real,hf:ComplexDataLab/OpenFake,207,pexels,6016,4016
backbone_208.jpg,real,hf:ComplexDataLab/OpenFake,208,laion,640,480
backbone_210.jpg,fake,hf:ComplexDataLab/OpenFake,210,sd-1.5,768,1360
backbone_211.jpg,real,hf:ComplexDataLab/OpenFake,211,pexels,4000,3000
backbone_212.jpg,real,hf:ComplexDataLab/OpenFake,212,laion,2524,2524
backbone_213.jpg,fake,hf:ComplexDataLab/OpenFake,213,flux.1-dev,512,1024
backbone_214.jpg,real,hf:ComplexDataLab/OpenFake,214,pexels,2667,4000
backbone_215.jpg,fake,hf:ComplexDataLab/OpenFake,215,sd-2.1,1248,832
backbone_216.jpg,real,hf:ComplexDataLab/OpenFake,216,laion,600,600
backbone_217.jpg,fake,hf:ComplexDataLab/OpenFake,217,sd-3.5,768,1152
backbone_218.jpg,real,hf:ComplexDataLab/OpenFake,218,pexels,3072,4608
backbone_219.jpg,real,hf:ComplexDataLab/OpenFake,219,pexels,6000,4000
backbone_220.jpg,real,hf:ComplexDataLab/OpenFake,220,pexels,4160,6240
backbone_221.jpg,real,hf:ComplexDataLab/OpenFake,221,pexels,4153,6229
backbone_222.jpg,real,hf:ComplexDataLab/OpenFake,222,laion,1280,720
backbone_223.jpg,real,hf:ComplexDataLab/OpenFake,223,laion,400,400
backbone_224.jpg,fake,hf:ComplexDataLab/OpenFake,224,sd-2.1,512,512
backbone_226.jpg,real,hf:ComplexDataLab/OpenFake,226,laion,2048,3072
backbone_227.jpg,fake,hf:ComplexDataLab/OpenFake,227,sd-2.1,768,1360
backbone_228.jpg,fake,hf:ComplexDataLab/OpenFake,228,flux.1-dev,1024,768
backbone_229.jpg,fake,hf:ComplexDataLab/OpenFake,229,sd-3.5,1024,1024
backbone_232.jpg,real,hf:ComplexDataLab/OpenFake,232,pexels,2730,4096
backbone_233.jpg,fake,hf:ComplexDataLab/OpenFake,233,flux.2-klein-4b,1024,1024
backbone_234.jpg,real,hf:ComplexDataLab/OpenFake,234,pexels,7199,4777
backbone_235.jpg,fake,hf:ComplexDataLab/OpenFake,235,sdxl-epic-realism,512,1024
backbone_236.jpg,real,hf:ComplexDataLab/OpenFake,236,pexels,4160,5536
backbone_237.jpg,real,hf:ComplexDataLab/OpenFake,237,laion,650,464
backbone_238.jpg,real,hf:ComplexDataLab/OpenFake,238,laion,630,420
backbone_239.jpg,real,hf:ComplexDataLab/OpenFake,239,pexels,5814,3876
backbone_240.jpg,fake,hf:ComplexDataLab/OpenFake,240,flux.1-schnell,1024,1024
backbone_242.jpg,fake,hf:ComplexDataLab/OpenFake,242,dalle-3,1024,1024
backbone_244.jpg,fake,hf:ComplexDataLab/OpenFake,244,mystic,1024,512
backbone_246.jpg,fake,hf:ComplexDataLab/OpenFake,246,flux.2-dev,1024,1024
backbone_247.jpg,real,hf:ComplexDataLab/OpenFake,247,pexels,6048,4024
backbone_248.jpg,real,hf:ComplexDataLab/OpenFake,248,pexels,3072,4608
backbone_249.jpg,fake,hf:ComplexDataLab/OpenFake,249,sd-3.5,768,1152
backbone_250.jpg,fake,hf:ComplexDataLab/OpenFake,250,sd-1.5,768,1360
backbone_251.jpg,fake,hf:ComplexDataLab/OpenFake,251,chroma,1024,768
backbone_252.jpg,fake,hf:ComplexDataLab/OpenFake,252,novaanimexl_ilv140,1024,1024
backbone_253.jpg,real,hf:ComplexDataLab/OpenFake,253,laion,1100,619
backbone_254.jpg,fake,hf:ComplexDataLab/OpenFake,254,sd-1.5-epicdream,1360,768
backbone_255.jpg,fake,hf:ComplexDataLab/OpenFake,255,cyberrealistic-pony-v14.1,2688,3840
backbone_256.jpg,real,hf:ComplexDataLab/OpenFake,256,pexels,6720,4480
backbone_257.jpg,real,hf:ComplexDataLab/OpenFake,257,laion,467,700
backbone_258.jpg,fake,hf:ComplexDataLab/OpenFake,258,sd-3.5,1024,1024
backbone_259.jpg,fake,hf:ComplexDataLab/OpenFake,259,sd-3.5,1152,768
backbone_260.jpg,fake,hf:ComplexDataLab/OpenFake,260,stable-diffusion-v1-4,512,512
backbone_261.jpg,real,hf:ComplexDataLab/OpenFake,261,laion,1280,853
backbone_262.jpg,real,hf:ComplexDataLab/OpenFake,262,pexels,4032,3024
backbone_263.jpg,fake,hf:ComplexDataLab/OpenFake,263,sd-3.5,1152,768
backbone_265.jpg,fake,hf:ComplexDataLab/OpenFake,265,sd-3.5,1024,1024
backbone_266.jpg,real,hf:ComplexDataLab/OpenFake,266,laion,550,788
backbone_267.jpg,fake,hf:ComplexDataLab/OpenFake,267,flux.1-dev,1152,768
backbone_268.jpg,real,hf:ComplexDataLab/OpenFake,268,pexels,6000,4000
backbone_269.jpg,fake,hf:ComplexDataLab/OpenFake,269,anima-preview2,2048,2630
backbone_271.jpg,real,hf:ComplexDataLab/OpenFake,271,laion,512,692
backbone_272.jpg,fake,hf:ComplexDataLab/OpenFake,272,midjourney-6,1024,1024
backbone_273.jpg,fake,hf:ComplexDataLab/OpenFake,273,sd-2.1,1024,1024
backbone_275.jpg,fake,hf:ComplexDataLab/OpenFake,275,sd-1.5-dreamshaper,768,1024
backbone_277.jpg,real,hf:ComplexDataLab/OpenFake,277,pexels,3648,5472
backbone_278.jpg,fake,hf:ComplexDataLab/OpenFake,278,flux-1.1-pro,1152,896
backbone_279.jpg,real,hf:ComplexDataLab/OpenFake,279,laion,800,1198
backbone_280.jpg,fake,hf:ComplexDataLab/OpenFake,280,mystic,1152,768
backbone_281.jpg,fake,hf:ComplexDataLab/OpenFake,281,sd-xl-v1.0-vae-fix,1024,1024
backbone_283.jpg,fake,hf:ComplexDataLab/OpenFake,283,seedream-v4.0,1696,1280
backbone_284.jpg,fake,hf:ComplexDataLab/OpenFake,284,imagen-4.0,896,1280
backbone_285.jpg,fake,hf:ComplexDataLab/OpenFake,285,flux.1-schnell,512,1024
backbone_286.jpg,fake,hf:ComplexDataLab/OpenFake,286,sdxl-touchofrealism,1152,768
backbone_287.jpg,real,hf:ComplexDataLab/OpenFake,287,laion,510,735
backbone_288.jpg,real,hf:ComplexDataLab/OpenFake,288,laion,800,418
backbone_289.jpg,fake,hf:ComplexDataLab/OpenFake,289,sdxl-juggernaut,1152,768
backbone_290.jpg,real,hf:ComplexDataLab/OpenFake,290,pexels,2656,3984
backbone_291.jpg,fake,hf:ComplexDataLab/OpenFake,291,sd-2.1,384,576
backbone_292.jpg,fake,hf:ComplexDataLab/OpenFake,292,sd-3.5,1024,1024
backbone_293.jpg,real,hf:ComplexDataLab/OpenFake,293,pexels,2912,4368
backbone_294.jpg,real,hf:ComplexDataLab/OpenFake,294,pexels,4912,2760
backbone_295.jpg,fake,hf:ComplexDataLab/OpenFake,295,sd-3.5,1024,768
backbone_296.jpg,fake,hf:ComplexDataLab/OpenFake,296,flux-mvc5000,768,1024
backbone_298.jpg,real,hf:ComplexDataLab/OpenFake,298,pexels,2304,3456
backbone_299.jpg,real,hf:ComplexDataLab/OpenFake,299,laion,780,438
backbone_300.jpg,fake,hf:ComplexDataLab/OpenFake,300,imagen-3.0-002,768,1408
backbone_303.jpg,real,hf:ComplexDataLab/OpenFake,303,pexels,3768,4000
backbone_304.jpg,fake,hf:ComplexDataLab/OpenFake,304,flux.1-dev,768,1152
backbone_306.jpg,fake,hf:ComplexDataLab/OpenFake,306,midjourney-6,1024,1024
backbone_307.jpg,fake,hf:ComplexDataLab/OpenFake,307,ideogram-3.0,1024,1024
backbone_308.jpg,real,hf:ComplexDataLab/OpenFake,308,pexels,3669,5504
backbone_310.jpg,real,hf:ComplexDataLab/OpenFake,310,pexels,3691,2092
backbone_311.jpg,fake,hf:ComplexDataLab/OpenFake,311,sd-1.5-epicdream,768,1024
backbone_312.jpg,fake,hf:ComplexDataLab/OpenFake,312,gpt-image-1,1024,1536
backbone_313.jpg,real,hf:ComplexDataLab/OpenFake,313,pexels,5180,3113
backbone_314.jpg,real,hf:ComplexDataLab/OpenFake,314,pexels,4000,6000
backbone_315.jpg,real,hf:ComplexDataLab/OpenFake,315,pexels,3406,5109
backbone_316.jpg,fake,hf:ComplexDataLab/OpenFake,316,sd-1.5-dreamshaper,768,1152
backbone_317.jpg,real,hf:ComplexDataLab/OpenFake,317,laion,900,739
backbone_318.jpg,fake,hf:ComplexDataLab/OpenFake,318,imagen-4.0,2048,2048
backbone_319.jpg,real,hf:ComplexDataLab/OpenFake,319,pexels,3456,5184
backbone_320.jpg,fake,hf:ComplexDataLab/OpenFake,320,nano-banana,1792,2400
backbone_321.jpg,fake,hf:ComplexDataLab/OpenFake,321,sd-3.5,1152,768
backbone_322.jpg,real,hf:ComplexDataLab/OpenFake,322,laion,800,533
backbone_323.jpg,real,hf:ComplexDataLab/OpenFake,323,pexels,2077,3692
backbone_324.jpg,real,hf:ComplexDataLab/OpenFake,324,laion,585,1200
backbone_325.jpg,real,hf:ComplexDataLab/OpenFake,325,pexels,3871,5807
backbone_326.jpg,fake,hf:ComplexDataLab/OpenFake,326,midjourney-6,1024,1024
backbone_328.jpg,fake,hf:ComplexDataLab/OpenFake,328,sdxl-realvis-v5,768,1360
backbone_329.jpg,fake,hf:ComplexDataLab/OpenFake,329,sd-3.5,1024,512
backbone_330.jpg,real,hf:ComplexDataLab/OpenFake,330,laion,650,418
backbone_331.jpg,fake,hf:ComplexDataLab/OpenFake,331,sd-2.1,1360,768
backbone_332.jpg,real,hf:ComplexDataLab/OpenFake,332,pexels,3024,4032
backbone_333.jpg,fake,hf:ComplexDataLab/OpenFake,333,midjourney-6,1024,1024
backbone_334.jpg,real,hf:ComplexDataLab/OpenFake,334,laion,768,430
backbone_335.jpg,real,hf:ComplexDataLab/OpenFake,335,pexels,2000,3000
backbone_336.jpg,fake,hf:ComplexDataLab/OpenFake,336,midjourney-6,1024,1024
backbone_337.jpg,real,hf:ComplexDataLab/OpenFake,337,laion,750,498
backbone_338.jpg,fake,hf:ComplexDataLab/OpenFake,338,flux.1-dev,1024,1024
backbone_339.jpg,fake,hf:ComplexDataLab/OpenFake,339,flux.1-dev,1024,768
backbone_341.jpg,fake,hf:ComplexDataLab/OpenFake,341,sd-3.5,1024,1024
backbone_342.jpg,real,hf:ComplexDataLab/OpenFake,342,laion,1280,720
backbone_343.jpg,fake,hf:ComplexDataLab/OpenFake,343,sd-3.5,1024,1024
backbone_344.jpg,fake,hf:ComplexDataLab/OpenFake,344,sdxl-realvis-v5,1024,768
backbone_345.jpg,fake,hf:ComplexDataLab/OpenFake,345,sdxl-touchofrealism,1152,768
backbone_346.jpg,real,hf:ComplexDataLab/OpenFake,346,pexels,4294,2863
backbone_347.jpg,fake,hf:ComplexDataLab/OpenFake,347,cyberrealistic-xl-v9.0,1072,1536
backbone_348.jpg,fake,hf:ComplexDataLab/OpenFake,348,flux.1-dev,1024,768
backbone_350.jpg,fake,hf:ComplexDataLab/OpenFake,350,dalle-3,1024,1024
backbone_351.jpg,real,hf:ComplexDataLab/OpenFake,351,pexels,3648,5472
backbone_352.jpg,fake,hf:ComplexDataLab/OpenFake,352,sdxl,1168,880
backbone_353.jpg,real,hf:ComplexDataLab/OpenFake,353,laion,2000,2000
backbone_354.jpg,real,hf:ComplexDataLab/OpenFake,354,pexels,6000,4000
backbone_355.jpg,real,hf:ComplexDataLab/OpenFake,355,laion,1200,800
backbone_356.jpg,real,hf:ComplexDataLab/OpenFake,356,pexels,2489,3112
backbone_357.jpg,fake,hf:ComplexDataLab/OpenFake,357,sd-3.5,1024,512
backbone_358.jpg,fake,hf:ComplexDataLab/OpenFake,358,flux.1-schnell,512,1024
backbone_359.jpg,fake,hf:ComplexDataLab/OpenFake,359,flux.1-schnell,768,1152
backbone_360.jpg,fake,hf:ComplexDataLab/OpenFake,360,sd-1.5,768,512
backbone_361.jpg,real,hf:ComplexDataLab/OpenFake,361,pexels,2520,4032
backbone_362.jpg,fake,hf:ComplexDataLab/OpenFake,362,ideogram-3.0,704,1408
backbone_363.jpg,fake,hf:ComplexDataLab/OpenFake,363,sd-1.5-epicdream,512,1024
backbone_364.jpg,fake,hf:ComplexDataLab/OpenFake,364,stable-diffusion-v1-4,512,512
backbone_365.jpg,real,hf:ComplexDataLab/OpenFake,365,laion,483,640
backbone_366.jpg,fake,hf:ComplexDataLab/OpenFake,366,one-obsession-17-red-sdxl,1024,1024
backbone_367.jpg,fake,hf:ComplexDataLab/OpenFake,367,sd-3.5,512,1024
backbone_368.jpg,fake,hf:ComplexDataLab/OpenFake,368,sd-3.5,768,1024
backbone_369.jpg,fake,hf:ComplexDataLab/OpenFake,369,dalle-3,1024,1024
backbone_371.jpg,real,hf:ComplexDataLab/OpenFake,371,pexels,3456,5184
backbone_372.jpg,real,hf:ComplexDataLab/OpenFake,372,pexels,5869,3913
backbone_373.jpg,fake,hf:ComplexDataLab/OpenFake,373,ideogram-3.0,1024,1024
backbone_374.jpg,fake,hf:ComplexDataLab/OpenFake,374,ideogram-3.0,1280,800
backbone_375.jpg,fake,hf:ComplexDataLab/OpenFake,375,dalle-3,1024,1024
backbone_376.jpg,fake,hf:ComplexDataLab/OpenFake,376,sd-2.1,1168,880
backbone_377.jpg,fake,hf:ComplexDataLab/OpenFake,377,realistic_vision_v5.1_novae,512,512
backbone_378.jpg,real,hf:ComplexDataLab/OpenFake,378,pexels,3802,4752
backbone_379.jpg,real,hf:ComplexDataLab/OpenFake,379,pexels,3099,4649
backbone_381.jpg,real,hf:ComplexDataLab/OpenFake,381,laion,960,502
backbone_382.jpg,real,hf:ComplexDataLab/OpenFake,382,laion,1100,619
backbone_383.jpg,real,hf:ComplexDataLab/OpenFake,383,pexels,6000,4000
backbone_384.jpg,real,hf:ComplexDataLab/OpenFake,384,laion,870,483
backbone_385.jpg,real,hf:ComplexDataLab/OpenFake,385,pexels,4175,6262
backbone_386.jpg,fake,hf:ComplexDataLab/OpenFake,386,sdxl-juggernaut,768,1152
backbone_387.jpg,fake,hf:ComplexDataLab/OpenFake,387,sd-1.5-epicdream,512,512
backbone_388.jpg,real,hf:ComplexDataLab/OpenFake,388,laion,510,600
backbone_389.jpg,fake,hf:ComplexDataLab/OpenFake,389,studio-ghibli-wan2.1-t2v-14b-v1.0,688,544
backbone_390.jpg,fake,hf:ComplexDataLab/OpenFake,390,sdxl-realvis-v5,1024,512
backbone_391.jpg,real,hf:ComplexDataLab/OpenFake,391,pexels,1800,2700
backbone_392.jpg,fake,hf:ComplexDataLab/OpenFake,392,nano-banana-2,1696,2528
backbone_393.jpg,fake,hf:ComplexDataLab/OpenFake,393,sd-3.5,1024,1024
backbone_394.jpg,fake,hf:ComplexDataLab/OpenFake,394,ideogram-3.0,800,1280
backbone_395.jpg,real,hf:ComplexDataLab/OpenFake,395,pexels,4500,3413
backbone_396.jpg,fake,hf:ComplexDataLab/OpenFake,396,sdxl,832,1248
backbone_397.jpg,fake,hf:ComplexDataLab/OpenFake,397,sd-2.1,512,384
backbone_398.jpg,fake,hf:ComplexDataLab/OpenFake,398,flux-mvc5000,512,1024
backbone_399.jpg,fake,hf:ComplexDataLab/OpenFake,399,sdxl-realvis-v5,512,512
backbone_400.jpg,fake,hf:ComplexDataLab/OpenFake,400,novaanimexl_ilv140,1024,1024
backbone_401.jpg,real,hf:ComplexDataLab/OpenFake,401,laion,800,1020
backbone_402.jpg,real,hf:ComplexDataLab/OpenFake,402,laion,784,595
backbone_403.jpg,fake,hf:ComplexDataLab/OpenFake,403,sd-2.1,1024,1024
backbone_404.jpg,fake,hf:ComplexDataLab/OpenFake,404,wan-video-2.2,1280,2048
backbone_405.jpg,fake,hf:ComplexDataLab/OpenFake,405,sd-2.1,1024,1024
backbone_406.jpg,real,hf:ComplexDataLab/OpenFake,406,laion,739,415
backbone_407.jpg,fake,hf:ComplexDataLab/OpenFake,407,sdxl-realvis-v5,1360,768
backbone_408.jpg,fake,hf:ComplexDataLab/OpenFake,408,gpt-image-1,1024,1024
backbone_409.jpg,fake,hf:ComplexDataLab/OpenFake,409,flux.1-dev,512,1024
backbone_410.jpg,fake,hf:ComplexDataLab/OpenFake,410,flux.1-dev,1152,768
backbone_411.jpg,real,hf:ComplexDataLab/OpenFake,411,pexels,6000,4000
backbone_412.jpg,real,hf:ComplexDataLab/OpenFake,412,pexels,2592,1728
backbone_413.jpg,real,hf:ComplexDataLab/OpenFake,413,laion,1000,1500
backbone_414.jpg,fake,hf:ComplexDataLab/OpenFake,414,sd-3.5,512,1024
backbone_415.jpg,fake,hf:ComplexDataLab/OpenFake,415,playground-v2.5-1024px-aesthetic,1024,1024
backbone_417.jpg,real,hf:ComplexDataLab/OpenFake,417,pexels,4928,3264
backbone_418.jpg,real,hf:ComplexDataLab/OpenFake,418,pexels,6240,4160
backbone_419.jpg,fake,hf:ComplexDataLab/OpenFake,419,flux.1-dev,768,1024
backbone_420.jpg,real,hf:ComplexDataLab/OpenFake,420,laion,512,640
backbone_421.jpg,real,hf:ComplexDataLab/OpenFake,421,laion,1128,1056
backbone_422.jpg,fake,hf:ComplexDataLab/OpenFake,422,sdxl,880,1168
backbone_423.jpg,real,hf:ComplexDataLab/OpenFake,423,pexels,2048,3088
backbone_424.jpg,fake,hf:ComplexDataLab/OpenFake,424,sd-1.5-epicdream,1024,768
backbone_425.jpg,fake,hf:ComplexDataLab/OpenFake,425,sd-2.1,512,384
backbone_426.jpg,fake,hf:ComplexDataLab/OpenFake,426,hidream-i1-full,1360,768
backbone_427.jpg,real,hf:ComplexDataLab/OpenFake,427,laion,600,850
backbone_428.jpg,real,hf:ComplexDataLab/OpenFake,428,laion,1998,3000
backbone_429.jpg,fake,hf:ComplexDataLab/OpenFake,429,sd-2.1,832,1248
backbone_430.jpg,real,hf:ComplexDataLab/OpenFake,430,laion,640,640
backbone_431.jpg,fake,hf:ComplexDataLab/OpenFake,431,sd-3.5,1024,768
backbone_432.jpg,real,hf:ComplexDataLab/OpenFake,432,pexels,6048,4024
backbone_433.jpg,fake,hf:ComplexDataLab/OpenFake,433,flux.2-klein-4b,1024,1024
backbone_434.jpg,fake,hf:ComplexDataLab/OpenFake,434,sd-2.1,880,1168
backbone_435.jpg,fake,hf:ComplexDataLab/OpenFake,435,flux-amateursnapshotphotos,768,1024
backbone_436.jpg,real,hf:ComplexDataLab/OpenFake,436,pexels,3456,5184
backbone_437.jpg,real,hf:ComplexDataLab/OpenFake,437,laion,1200,1800
backbone_438.jpg,fake,hf:ComplexDataLab/OpenFake,438,pony,1280,1856
backbone_439.jpg,fake,hf:ComplexDataLab/OpenFake,439,sdxl,512,1024
backbone_440.jpg,fake,hf:ComplexDataLab/OpenFake,440,realistic_vision_v5.1_novae,512,512
backbone_441.jpg,real,hf:ComplexDataLab/OpenFake,441,laion,539,600
backbone_442.jpg,real,hf:ComplexDataLab/OpenFake,442,pexels,5175,7759
backbone_443.jpg,fake,hf:ComplexDataLab/OpenFake,443,flux-1.1-pro,1152,896
backbone_444.jpg,fake,hf:ComplexDataLab/OpenFake,444,flux-1.1-pro,1024,1024
backbone_445.jpg,fake,hf:ComplexDataLab/OpenFake,445,sd-3.5,1024,512
backbone_446.jpg,fake,hf:ComplexDataLab/OpenFake,446,sd-3.5,512,1024
backbone_447.jpg,fake,hf:ComplexDataLab/OpenFake,447,flux.2-klein-base-4b,1024,1024
backbone_448.jpg,real,hf:ComplexDataLab/OpenFake,448,pexels,4017,6557
backbone_449.jpg,real,hf:ComplexDataLab/OpenFake,449,pexels,3648,5472
backbone_450.jpg,real,hf:ComplexDataLab/OpenFake,450,laion,840,440
backbone_451.jpg,fake,hf:ComplexDataLab/OpenFake,451,flux.1-dev,768,1152
backbone_452.jpg,fake,hf:ComplexDataLab/OpenFake,452,imagen-4.0,1280,896
backbone_453.jpg,real,hf:ComplexDataLab/OpenFake,453,pexels,4000,6000
backbone_454.jpg,real,hf:ComplexDataLab/OpenFake,454,laion,634,528
backbone_455.jpg,fake,hf:ComplexDataLab/OpenFake,455,flux.1-schnell,768,1152
backbone_456.jpg,fake,hf:ComplexDataLab/OpenFake,456,flux.1-schnell,1024,1024
backbone_457.jpg,fake,hf:ComplexDataLab/OpenFake,457,sd-3.5,1024,768
backbone_458.jpg,fake,hf:ComplexDataLab/OpenFake,458,sd-1.5-dreamshaper,1024,1024
backbone_459.jpg,fake,hf:ComplexDataLab/OpenFake,459,sdxl-touchofrealism,1024,768
backbone_461.jpg,fake,hf:ComplexDataLab/OpenFake,461,flux.1-schnell,1024,1024
backbone_462.jpg,fake,hf:ComplexDataLab/OpenFake,462,flux.1-dev,1024,768
backbone_463.jpg,fake,hf:ComplexDataLab/OpenFake,463,sd-2.1,512,384
backbone_464.jpg,fake,hf:ComplexDataLab/OpenFake,464,flux.1-dev,512,1024
backbone_465.jpg,fake,hf:ComplexDataLab/OpenFake,465,sd-2.1,880,1168
backbone_466.jpg,fake,hf:ComplexDataLab/OpenFake,466,sdxl-epic-realism,1152,768
backbone_468.jpg,fake,hf:ComplexDataLab/OpenFake,468,sdxl-touchofrealism,1024,1024
backbone_469.jpg,fake,hf:ComplexDataLab/OpenFake,469,stable-diffusion-v1-5,512,512
backbone_470.jpg,fake,hf:ComplexDataLab/OpenFake,470,sdxl-epic-realism,768,1024
backbone_471.jpg,fake,hf:ComplexDataLab/OpenFake,471,sdxl,1024,512
backbone_472.jpg,fake,hf:ComplexDataLab/OpenFake,472,sdxl-epic-realism,512,1024
backbone_473.jpg,fake,hf:ComplexDataLab/OpenFake,473,sd-3.5,768,1152
backbone_474.jpg,real,hf:ComplexDataLab/OpenFake,474,laion,550,550
backbone_475.jpg,fake,hf:ComplexDataLab/OpenFake,475,cyberrealistic-pony-v14.0,768,1024
backbone_476.jpg,real,hf:ComplexDataLab/OpenFake,476,pexels,4160,6240
backbone_477.jpg,fake,hf:ComplexDataLab/OpenFake,477,sd-2.1,1168,880
backbone_478.jpg,fake,hf:ComplexDataLab/OpenFake,478,sdxl,1024,512
backbone_479.jpg,fake,hf:ComplexDataLab/OpenFake,479,grok-2-image-1212,1024,768
backbone_480.jpg,real,hf:ComplexDataLab/OpenFake,480,laion,600,1304
backbone_482.jpg,fake,hf:ComplexDataLab/OpenFake,482,flux.1-schnell,1024,1024
backbone_483.jpg,real,hf:ComplexDataLab/OpenFake,483,laion,441,600
backbone_484.jpg,real,hf:ComplexDataLab/OpenFake,484,pexels,4000,6000
backbone_485.jpg,fake,hf:ComplexDataLab/OpenFake,485,hidream-i1-full,1248,832
backbone_487.jpg,real,hf:ComplexDataLab/OpenFake,487,pexels,2428,3642
backbone_488.jpg,fake,hf:ComplexDataLab/OpenFake,488,sdxl-juggernaut,1024,768
backbone_491.jpg,real,hf:ComplexDataLab/OpenFake,491,pexels,4000,6000
backbone_492.jpg,real,hf:ComplexDataLab/OpenFake,492,laion,800,534
backbone_495.jpg,real,hf:ComplexDataLab/OpenFake,495,pexels,2048,3072
backbone_497.jpg,real,hf:ComplexDataLab/OpenFake,497,pexels,3000,3000
backbone_499.jpg,real,hf:ComplexDataLab/OpenFake,499,laion,640,429
backbone_500.jpg,real,hf:ComplexDataLab/OpenFake,500,pexels,5461,8192
backbone_501.jpg,real,hf:ComplexDataLab/OpenFake,501,laion,634,795
backbone_502.jpg,real,hf:ComplexDataLab/OpenFake,502,pexels,4358,5447
backbone_503.jpg,real,hf:ComplexDataLab/OpenFake,503,pexels,4160,6240
backbone_504.jpg,real,hf:ComplexDataLab/OpenFake,504,pexels,2565,3850
backbone_506.jpg,real,hf:ComplexDataLab/OpenFake,506,laion,728,546
backbone_507.jpg,real,hf:ComplexDataLab/OpenFake,507,pexels,3648,5472
backbone_508.jpg,real,hf:ComplexDataLab/OpenFake,508,pexels,4240,2832
backbone_509.jpg,real,hf:ComplexDataLab/OpenFake,509,pexels,3313,5027
backbone_512.jpg,real,hf:ComplexDataLab/OpenFake,512,pexels,2048,3089
backbone_514.jpg,real,hf:ComplexDataLab/OpenFake,514,laion,960,720
backbone_519.jpg,real,hf:ComplexDataLab/OpenFake,519,laion,1200,551
backbone_521.jpg,real,hf:ComplexDataLab/OpenFake,521,pexels,6720,4480
backbone_523.jpg,real,hf:ComplexDataLab/OpenFake,523,laion,640,640
backbone_525.jpg,real,hf:ComplexDataLab/OpenFake,525,pexels,5724,3821
backbone_526.jpg,real,hf:ComplexDataLab/OpenFake,526,laion,1800,2401
backbone_531.jpg,real,hf:ComplexDataLab/OpenFake,531,pexels,3456,4606
backbone_532.jpg,real,hf:ComplexDataLab/OpenFake,532,laion,1280,720
backbone_537.jpg,real,hf:ComplexDataLab/OpenFake,537,pexels,4160,6240
backbone_539.jpg,real,hf:ComplexDataLab/OpenFake,539,pexels,8192,5464
backbone_544.jpg,real,hf:ComplexDataLab/OpenFake,544,laion,5472,3648
backbone_546.jpg,real,hf:ComplexDataLab/OpenFake,546,laion,800,600
backbone_547.jpg,real,hf:ComplexDataLab/OpenFake,547,pexels,5472,3648
backbone_549.jpg,real,hf:ComplexDataLab/OpenFake,549,laion,3264,2454
backbone_550.jpg,real,hf:ComplexDataLab/OpenFake,550,pexels,3072,4608
backbone_554.jpg,real,hf:ComplexDataLab/OpenFake,554,laion,592,891
backbone_555.jpg,real,hf:ComplexDataLab/OpenFake,555,laion,1100,619
backbone_558.jpg,real,hf:ComplexDataLab/OpenFake,558,pexels,6720,4480
backbone_559.jpg,real,hf:ComplexDataLab/OpenFake,559,pexels,4045,6068
backbone_561.jpg,real,hf:ComplexDataLab/OpenFake,561,laion,1000,667
backbone_562.jpg,real,hf:ComplexDataLab/OpenFake,562,pexels,6240,4160
backbone_563.jpg,real,hf:ComplexDataLab/OpenFake,563,laion,600,450
backbone_564.jpg,real,hf:ComplexDataLab/OpenFake,564,laion,777,520
backbone_567.jpg,real,hf:ComplexDataLab/OpenFake,567,pexels,2723,3851
backbone_582.jpg,real,hf:ComplexDataLab/OpenFake,582,pexels,6240,4160
backbone_584.jpg,real,hf:ComplexDataLab/OpenFake,584,pexels,2880,3316
backbone_585.jpg,real,hf:ComplexDataLab/OpenFake,585,pexels,2571,3428
backbone_586.jpg,real,hf:ComplexDataLab/OpenFake,586,laion,1280,720
backbone_589.jpg,real,hf:ComplexDataLab/OpenFake,589,laion,634,743
backbone_591.jpg,real,hf:ComplexDataLab/OpenFake,591,laion,1468,2076
backbone_592.jpg,real,hf:ComplexDataLab/OpenFake,592,laion,1280,853
backbone_594.jpg,real,hf:ComplexDataLab/OpenFake,594,laion,800,2755
backbone_595.jpg,real,hf:ComplexDataLab/OpenFake,595,laion,1312,925
backbone_596.jpg,real,hf:ComplexDataLab/OpenFake,596,pexels,3106,2149
backbone_597.jpg,real,hf:ComplexDataLab/OpenFake,597,laion,1080,1440
backbone_598.jpg,real,hf:ComplexDataLab/OpenFake,598,pexels,6000,4000
backbone_599.jpg,real,hf:ComplexDataLab/OpenFake,599,pexels,4000,6000
backbone_600.jpg,real,hf:ComplexDataLab/OpenFake,600,pexels,3382,5073
backbone_601.jpg,real,hf:ComplexDataLab/OpenFake,601,pexels,4480,6720
backbone_602.jpg,real,hf:ComplexDataLab/OpenFake,602,pexels,5192,3466
backbone_605.jpg,real,hf:ComplexDataLab/OpenFake,605,laion,854,1390
backbone_606.jpg,real,hf:ComplexDataLab/OpenFake,606,laion,980,552
backbone_607.jpg,real,hf:ComplexDataLab/OpenFake,607,laion,604,402
backbone_609.jpg,real,hf:ComplexDataLab/OpenFake,609,pexels,4003,6014
